,Model,Accuracy,Precision,Recall,F1 Score
1,Logistic Regression,61.33333333333333,61.81818181818181,92.57425742574257,74.13280475718534
2,Support Vector Classifier,59.851851851851855,59.851851851851855,100.0,74.88415199258573
3,Random Forest,59.111111111111114,62.85140562248996,77.47524752475248,69.40133037694014
4,Gradient Boosting,58.666666666666664,62.37623762376238,77.97029702970298,69.3069306930693
0,Naive Bayes,54.81481481481482,62.22222222222222,62.37623762376238,62.2991347342398
5,K-Nearest Neighbors,53.03703703703704,61.35770234986945,58.168316831683164,59.720457433290974
6,Decision Tree,52.59259259259259,61.60220994475139,55.1980198019802,58.22454308093995
